Name,Email,Phone
John Doe,johndoe@example.com,1234567890
Jane Smith,janesmith@example.com,9876543210
Michael Johnson,michaeljohnson@example.com,5555555555
Emily Davis,emilydavis@example.com,1111111111
David Brown,davidbrown@example.com,9999999999
Samantha Wilson,samanthawilson@example.com,7777777777
Oliver Taylor,olivertaylor@example.com,2222222222
Sophia Lee,sophialee@example.com,8888888888
Jacob Martinez,jacobmartinez@example.com,4444444444
Isabella Anderson,isabellaanderson@example.com,6666666666
Ethan Harris,ethanharris@example.com,3333333333
Mia Thompson,miathompson@example.com,5555555555
Liam Clark,liamclark@example.com,9999999999
Ava Lewis,avalewis@example.com,7777777777
Noah Walker,noahwalker@example.com,1111111111
Emma Hall,emmahall@example.com,8888888888
James Wright,jameswright@example.com,4444444444
Sophia Adams,sophiaadams@example.com,6666666666
Benjamin Rodriguez,benjaminrodriguez@example.com,3333333333
Charlotte Murphy,charlottemurphy@example.com,5555555555
