Name,Email,Phone,Address,Age
John Doe,johndoe@example.com,1234567890,123 Main St,30
Jane Smith,janesmith@example.com,9876543210,456 Elm St,25
Michael Johnson,michaeljohnson@example.com,5555555555,789 Oak St,35
Emily Davis,emilydavis@example.com,1111111111,321 Pine St,28
David Brown,davidbrown@example.com,9999999999,654 Maple St,42
Samantha Wilson,samanthawilson@example.com,7777777777,987 Cedar St,33
Oliver Taylor,olivertaylor@example.com,2222222222,321 Oak Ave,24
Sophia Lee,sophialee@example.com,8888888888,654 Elm Ave,31
Jacob Martinez,jacobmartinez@example.com,4444444444,789 Pine Ave,27
Isabella Anderson,isabellaanderson@example.com,6666666666,123 Maple Ave,36
Ethan Harris,ethanharris@example.com,3333333333,456 Birch Ave,26
Mia Thompson,miathompson@example.com,5555555555,789 Oak Ave,30
Liam Clark,liamclark@example.com,9999999999,654 Cedar Ave,32
Ava Lewis,avalewis@example.com,7777777777,321 Elm Ave,28
Noah Walker,noahwalker@example.com,1111111111,987 Pine Ave,35
Emma Hall,emmahall@example.com,8888888888,123 Maple Ave,25
James Wright,jameswright@example.com,4444444444,456 Oak Ave,29
Sophia Adams,sophiaadams@example.com,6666666666,789 Elm Ave,33
Benjamin Rodriguez,benjaminrodriguez@example.com,3333333333,321 Pine Ave,27
Charlotte Murphy,charlottemurphy@example.com,5555555555,323 Pine Ave,28
